,100 Bytes,500 Bytes,1000 Bytes,1500 Bytes,3000 Bytes,5000 Bytes,7000 Bytes
0,13.876,9.272,10.27,21.597,12.806,13.902,18.063
1,6.697,6.803,9.003,8.268,22.162,19.08,21.814
2,16.648,14.79,14.001,17.315,18.449,22.179,19.726
3,12.646,17.798,10.011,15.348,8.998,12.143,16.589
4,18.655,8.776,7.027,11.216,23.136,19.086,20.542
5,14.67,7.734,8.948,20.442,9.571,16.275,17.26
6,15.646,7.781,10.009,21.371,10.499,16.433,17.302
7,15.601,8.762,10.168,21.301,10.483,16.228,17.275
8,15.636,8.757,10.54,21.185,10.631,17.197,18.345
9,16.676,9.803,10.874,21.785,11.292,17.174,18.316
10,16.67,9.863,10.93,22.006,11.629,14.157,19.205
11,16.615,9.841,11.93,22.099,12.736,14.121,19.28
12,17.64,10.839,8.959,23.127,12.708,14.208,19.24
13,17.673,10.795,8.953,23.065,12.73,19.203,16.669
14,18.706,9.016,10.01,24.153,13.572,19.21,16.56
15,8.672,8.855,10.043,24.192,13.885,19.164,17.619
16,8.669,8.92,10.978,24.166,14.879,20.262,17.652
17,9.743,9.847,9.003,25.21,14.779,20.21,17.613
18,9.773,9.828,8.985,10.167,14.736,21.474,18.634
19,10.826,9.861,9.997,11.325,15.365,21.54,14.269
20,10.771,11.135,10.007,11.158,18.083,21.247,15.243
21,10.753,10.844,10.044,11.125,19.187,22.182,15.232
22,11.727,11.846,10.956,12.032,19.093,22.213,15.25
23,14.667,11.882,10.968,12.105,19.058,23.184,16.212
24,15.647,11.872,11.924,13.164,19.964,23.213,16.21
25,15.653,12.851,11.971,13.247,19.942,23.219,16.263
26,15.651,12.861,11.972,13.201,19.95,24.241,13.175
27,16.663,6.857,12.987,14.202,20.881,19.054,18.228
28,16.673,6.863,13.024,14.56,20.883,20.052,20.299
29,17.741,6.911,13.95,14.242,21.885,20.309,20.002
30,17.787,7.94,13.97,15.227,21.924,20.321,20.241
31,17.816,7.882,13.908,12.217,21.931,21.509,21.393
32,11.706,9.049,7.969,13.208,12.154,21.545,21.389
33,11.723,8.841,7.961,13.071,11.926,11.69,22.381
34,11.752,8.809,8.95,13.171,12.91,12.637,22.616
35,12.695,9.847,8.93,14.155,12.886,12.287,22.339
36,12.669,9.785,8.954,14.157,12.888,13.591,23.32
37,13.707,10.727,10.067,15.147,13.998,13.715,23.271
38,13.712,10.688,10.042,15.101,14.054,13.571,24.269
39,10.63,10.727,10.954,15.146,14.485,12.61,24.287
40,14.686,17.725,10.926,16.152,14.478,12.602,24.538
41,14.692,17.806,10.933,16.206,11.152,13.462,11.313
42,15.629,18.823,12.012,17.212,12.178,13.57,11.648
43,15.645,18.812,11.937,17.206,12.283,16.607,17.663
44,15.664,18.838,15.901,11.468,12.318,17.655,17.6
45,16.629,19.778,16.926,12.501,12.979,17.629,17.571
46,16.635,19.811,16.889,12.498,13.023,17.936,18.825
47,13.648,19.775,18.0,13.325,14.171,18.252,18.703
48,13.69,20.813,17.997,13.265,14.103,18.266,18.608
49,13.69,20.828,18.003,13.305,14.148,19.261,19.658
50,14.715,21.799,18.973,14.453,12.275,19.545,19.632
51,14.706,21.828,7.962,14.61,12.241,17.503,20.514
52,15.753,21.887,8.992,14.434,13.257,17.331,20.629
53,15.749,6.86,9.037,15.046,13.168,17.32,20.562
54,15.737,6.833,9.178,15.197,8.143,18.359,21.273
55,16.722,7.879,10.11,16.196,9.349,13.119,21.265
56,16.678,7.893,16.034,16.576,9.002,13.226,13.227
57,16.688,7.907,17.083,9.611,10.237,14.121,13.67
58,17.757,9.18,16.966,10.265,9.992,13.946,13.616
59,18.675,8.919,16.992,10.328,10.026,14.964,14.281
60,19.714,8.934,17.966,11.323,11.099,15.058,14.241
61,19.726,9.87,18.014,11.343,11.178,15.167,12.626
62,19.655,9.877,19.083,11.2,12.17,16.247,12.645
63,20.689,10.832,19.065,12.274,12.044,16.249,13.655
64,20.733,10.843,19.085,12.339,11.327,17.248,13.493
65,21.772,10.876,20.109,13.311,12.643,17.132,12.246
66,9.768,15.878,20.176,13.174,12.366,17.211,13.277
67,9.697,15.795,20.066,13.208,13.684,11.62,13.278
68,10.653,16.839,21.007,14.318,14.701,11.631,12.378
69,10.717,16.948,20.982,14.378,14.632,12.586,12.515
70,11.711,16.871,22.004,8.137,15.798,12.508,10.268
71,11.752,17.794,10.988,9.202,15.688,12.57,11.232
72,11.734,17.866,10.964,9.232,15.582,13.263,17.199
73,12.726,18.873,12.075,10.432,16.457,14.173,15.228
74,12.728,18.905,12.017,10.474,16.483,15.036,15.23
75,12.731,18.806,13.029,10.223,17.523,15.013,15.173
76,13.735,19.791,13.043,11.202,17.583,15.018,16.147
77,7.999,19.794,13.006,11.16,17.672,16.17,16.175
78,8.805,20.785,14.01,12.178,18.281,16.423,17.169
79,8.856,15.789,14.022,12.261,18.51,16.529,17.19
80,8.781,15.915,15.15,12.205,12.207,17.016,17.184
81,9.763,16.817,15.04,13.175,18.176,17.005,18.458
82,9.764,16.871,15.18,13.12,18.001,18.047,15.172
83,13.802,17.87,8.111,21.031,18.981,13.065,16.178
84,13.774,17.873,8.044,21.127,19.041,13.044,16.175
85,13.846,17.906,8.048,21.222,20.02,14.043,16.221
86,14.84,18.868,9.037,22.277,19.991,14.178,17.167
87,14.834,18.824,9.104,22.247,19.955,15.051,17.249
88,15.739,18.83,9.696,23.191,21.042,15.035,17.169
89,15.963,19.839,10.101,23.218,21.165,15.038,18.597
90,15.847,19.807,8.048,23.161,21.157,16.124,18.587
91,16.856,20.884,9.115,24.1,22.147,10.156,19.274
92,16.836,14.831,9.081,24.18,22.059,11.439,19.6
93,18.839,14.822,10.179,25.198,23.06,11.205,19.666
94,18.817,15.845,10.238,25.177,12.156,11.246,20.406
95,18.684,15.856,20.508,25.207,11.807,12.226,11.339
96,19.739,16.825,21.012,7.209,12.975,12.269,10.141
97,19.832,16.873,18.719,7.166,13.139,12.231,10.152
98,19.801,16.87,21.95,7.21,14.584,13.64,10.169
99,20.757,17.822,21.865,8.242,14.26,13.747,11.221
100,20.76,17.808,21.89,8.244,14.288,17.37,11.194
101,11.758,18.881,22.966,9.207,15.107,17.283,11.602
102,11.779,18.867,22.954,9.212,14.875,17.173,11.52
103,11.748,18.803,23.936,9.217,15.898,18.167,11.647
104,12.771,19.766,23.919,10.192,16.189,18.171,12.596
105,12.682,6.742,23.874,10.176,16.149,19.185,12.622
106,13.668,6.791,24.869,11.164,17.021,19.211,13.716
107,13.677,7.803,24.94,11.141,9.185,19.176,13.45
108,13.714,7.803,25.872,11.119,9.22,20.197,17.271
109,14.797,8.799,25.849,8.113,10.214,20.033,18.246
110,17.727,8.783,10.91,8.211,10.089,21.049,18.279
111,18.751,8.742,11.867,8.186,11.177,21.135,18.286
112,18.694,9.75,11.915,9.178,11.183,21.268,19.224
113,18.741,9.764,11.924,9.151,11.152,22.262,19.239
114,20.192,10.705,13.02,10.145,12.103,22.21,20.362
115,19.861,10.704,13.022,10.143,12.324,17.578,20.331
116,20.878,10.722,13.98,10.161,13.322,17.646,20.269
117,20.973,11.712,14.0,11.163,13.215,12.824,21.281
118,21.035,9.753,13.934,11.201,13.233,13.634,21.225
119,21.925,10.745,14.93,12.196,14.396,13.675,22.223
120,6.899,11.322,15.03,12.25,9.399,10.402,22.264
121,6.83,10.772,15.991,12.221,10.193,11.429,14.056
122,7.717,11.793,11.963,8.16,9.793,11.404,15.004
123,7.728,11.806,11.898,8.117,10.006,12.541,17.07
124,8.75,12.833,12.906,9.156,11.027,12.238,18.033
125,8.704,12.777,12.93,9.212,11.069,12.306,18.171
126,8.703,12.796,12.918,9.204,12.275,13.398,18.22
127,9.69,13.804,14.028,10.222,12.278,12.861,19.125
128,9.69,13.783,14.025,10.263,12.043,12.869,19.1
129,10.568,13.863,6.977,11.213,13.183,12.853,20.168
130,10.726,14.852,7.007,11.132,13.017,12.824,20.056
131,10.721,11.917,6.999,11.181,13.126,11.824,20.143
132,11.692,12.892,7.994,12.177,14.341,11.848,21.082
133,14.699,12.867,8.026,12.11,22.08,12.782,21.158
134,15.672,12.863,11.046,12.22,23.155,15.106,21.151
135,15.666,13.96,10.942,10.195,23.239,15.174,22.067
136,15.739,13.939,10.998,10.191,23.226,16.503,13.163
137,16.797,14.839,12.032,11.171,24.333,16.224,14.178
138,7.776,14.874,11.966,11.148,24.373,17.042,14.204
139,5.186,14.838,12.992,11.108,25.276,10.064,14.265
140,8.731,15.872,13.021,12.251,25.199,10.219,15.24
141,8.735,15.839,13.002,12.244,24.984,11.188,15.202
142,9.735,16.873,13.98,13.206,25.683,12.327,16.197
143,9.696,16.868,13.974,13.208,25.776,12.78,16.219
144,9.673,13.904,15.003,13.107,26.928,13.652,16.129
145,10.737,14.857,14.961,14.582,27.05,13.499,17.218
146,10.713,14.828,14.957,14.216,10.038,14.661,17.273
147,11.748,15.833,16.007,15.125,10.972,14.652,18.277
148,11.759,15.881,16.066,11.014,11.181,14.643,17.721
149,11.765,15.864,10.064,11.168,11.048,15.615,14.25
150,15.72,16.871,11.064,12.185,12.175,15.634,15.231
151,15.74,16.845,11.16,12.099,12.064,15.222,15.236
152,16.755,16.847,12.034,13.145,12.915,15.378,15.253
153,16.727,17.832,12.135,13.129,12.919,15.399,16.273
154,16.77,17.848,12.166,13.099,12.85,12.637,16.263
155,17.731,18.905,13.094,14.199,13.774,12.76,17.255
156,17.767,18.828,13.063,14.236,13.704,13.824,17.231
157,18.834,8.829,9.897,14.218,14.709,13.711,17.28
158,18.802,9.763,14.011,15.231,14.98,13.695,18.586
159,16.173,9.757,13.973,15.268,18.999,14.347,18.616
160,19.715,10.822,15.002,16.214,20.005,14.694,19.267
161,19.734,10.834,6.904,7.124,19.85,15.757,19.233
162,19.732,10.799,7.94,7.139,20.594,15.703,11.173
163,13.767,11.836,7.976,8.208,20.674,15.374,12.136
164,13.762,11.863,7.937,8.187,20.827,12.318,12.042
165,14.782,12.864,9.01,9.24,21.912,12.352,13.501
166,14.784,12.83,9.006,9.157,21.859,18.498,13.149
167,14.77,12.858,9.012,9.12,22.891,19.388,13.084
168,15.776,13.82,8.041,10.03,23.056,19.226,14.116
169,15.755,13.851,8.019,10.318,23.183,20.326,14.053
170,7.803,8.877,8.949,11.106,24.273,20.259,15.047
171,7.756,9.912,8.956,11.101,24.047,20.101,15.062
172,7.736,9.843,8.95,11.145,12.009,21.748,19.456
173,8.772,10.881,10.088,12.144,12.972,15.395,20.584
174,8.763,10.854,10.292,8.07,12.951,16.445,20.586
175,9.746,10.799,11.081,8.143,13.967,16.397,20.645
176,9.722,11.802,11.073,9.168,14.05,16.185,21.582
177,9.841,11.859,11.109,9.104,14.255,17.15,21.568
178,10.779,12.875,11.993,10.029,15.233,17.132,22.662
179,10.826,12.887,11.93,10.166,15.349,18.049,22.654
180,10.792,12.804,12.912,10.213,16.379,18.051,22.66
181,12.69,13.802,12.929,11.219,16.169,18.068,23.652
182,12.652,13.815,8.969,11.201,15.956,19.165,23.682
183,13.681,6.801,9.978,12.037,16.906,19.256,24.578
184,13.765,6.868,9.948,12.116,16.861,20.308,24.509
185,13.74,6.916,10.934,12.05,7.943,20.2,16.535
186,14.749,7.886,10.917,13.037,8.046,20.24,17.615
187,7.801,7.843,10.889,8.016,8.071,18.681,12.315
188,8.73,7.841,11.895,9.085,9.567,18.639,12.531
189,8.771,8.922,11.847,9.157,9.584,21.657,12.534
190,8.749,8.907,8.882,9.092,9.629,22.272,12.513
191,9.768,9.907,9.92,10.024,10.152,22.486,13.466
192,20.746,9.851,9.883,10.161,10.31,23.283,13.495
193,21.739,9.856,10.934,11.165,11.675,23.223,13.486
194,21.739,10.814,10.92,11.206,11.702,23.204,14.235
195,21.694,10.847,10.903,11.211,11.467,24.182,14.501
196,22.69,15.807,11.88,12.15,12.287,24.173,15.462
197,22.749,15.821,11.941,12.171,11.158,25.182,15.259
198,23.747,15.871,12.977,12.06,20.176,25.149,15.223
199,23.764,16.816,6.935,13.03,20.203,25.072,16.224
200,23.787,16.831,6.957,20.178,20.211,26.173,16.27
201,11.67,17.894,7.907,21.143,21.202,26.191,12.222
202,11.645,17.876,7.901,21.199,21.002,17.105,12.192
203,11.708,17.89,8.856,21.195,21.943,17.167,12.222
204,12.66,18.833,8.928,22.506,22.086,17.188,13.308
205,12.683,18.857,8.934,22.302,21.381,18.156,13.281
206,13.718,19.884,9.958,23.25,22.785,18.267,14.232
207,13.735,19.883,9.958,23.505,22.89,18.306,14.209
208,13.78,19.873,11.0,23.245,24.225,19.268,10.87
209,14.742,9.93,11.012,24.239,24.242,19.187,15.183
210,14.697,9.94,11.004,24.616,24.177,20.27,15.138
211,15.675,9.895,11.971,25.489,9.859,20.252,16.233
212,15.652,10.875,8.94,25.19,10.029,20.384,17.455
213,15.679,10.812,9.038,7.184,10.01,21.28,17.241
214,8.693,11.846,10.091,8.217,11.033,21.29,18.23
215,8.72,11.793,10.471,8.146,11.022,21.151,18.255
216,9.705,11.812,10.946,9.143,12.224,21.114,19.258
217,9.772,12.861,8.696,9.527,12.774,13.04,19.215
218,9.692,12.856,10.994,9.11,12.372,14.05,19.239
219,10.777,13.826,11.946,10.071,13.323,14.082,20.268
220,10.906,14.082,11.999,10.055,25.214,15.058,20.273
221,11.736,14.003,12.988,10.011,13.963,15.163,20.324
222,11.728,6.928,12.963,11.014,14.025,15.183,21.47
223,11.711,6.931,12.905,11.017,14.149,16.259,21.662
224,12.765,7.92,13.887,12.106,11.776,16.474,22.477
225,12.769,7.896,10.9,12.061,11.949,17.225,16.27
226,12.714,7.959,11.862,9.141,13.111,17.148,16.303
227,12.733,8.97,11.895,10.161,12.924,17.101,13.609
228,12.737,8.878,11.848,10.288,13.102,18.2,13.271
229,13.788,10.1,12.85,11.161,14.2,18.072,14.149
230,13.766,9.984,12.839,11.193,14.225,15.052,14.117
231,13.756,9.982,13.832,11.131,14.96,16.241,14.14
232,14.69,10.874,13.873,12.183,14.813,16.232,15.144
233,14.716,10.874,13.916,12.18,14.733,17.267,15.243
234,15.754,10.862,14.945,13.21,15.732,17.239,16.486
235,15.761,14.935,14.953,13.195,15.764,17.178,16.497
236,15.749,14.973,15.0,13.192,15.846,18.259,16.501
237,16.785,15.965,15.999,14.132,10.398,18.228,17.262
238,16.828,15.936,6.96,14.168,10.557,19.033,17.281
239,17.789,15.911,7.959,7.267,11.544,19.072,17.281
240,12.757,16.886,7.953,8.234,11.601,19.22,16.25
241,12.714,16.919,7.996,8.154,11.057,20.198,16.496
242,13.741,17.87,8.98,9.22,12.589,20.066,17.243
243,13.786,17.789,8.983,9.135,12.198,10.185,17.258
244,14.739,17.8,10.042,9.188,13.509,10.247,17.223
245,12.715,18.84,10.029,10.196,13.398,10.159,18.601
246,12.738,18.853,10.031,10.274,13.313,11.258,18.525
247,13.707,19.849,11.052,11.136,14.333,11.538,19.531
248,13.654,10.851,11.014,11.18,14.342,11.587,19.291
249,13.705,10.927,11.982,11.23,21.604,12.262,19.495
250,14.705,11.926,11.944,9.474,21.727,12.197,20.259
251,14.725,11.887,8.955,9.235,21.659,13.243,20.292
252,15.785,12.886,10.041,10.228,22.629,13.192,21.28
253,15.725,12.842,10.294,10.225,22.545,13.372,16.601
254,15.768,12.869,10.327,10.217,23.289,14.449,16.483
255,16.732,13.887,10.996,11.206,23.532,13.326,17.226
256,16.717,13.869,25.154,11.206,23.581,18.226,17.262
257,10.765,13.852,11.89,12.181,24.685,18.199,18.187
258,10.823,14.859,11.988,12.138,24.714,18.31,18.475
259,10.725,14.852,12.002,12.159,25.568,19.306,18.271
260,11.786,15.903,13.007,13.189,25.328,19.273,19.226
261,11.744,13.868,12.986,13.22,25.276,20.38,19.243
262,12.694,13.879,13.98,13.218,15.028,20.344,19.575
263,12.717,14.821,13.998,14.165,10.041,20.359,20.609
264,14.628,14.842,8.997,9.213,9.985,21.329,20.594
265,13.86,15.832,10.037,10.25,11.135,21.621,13.695
266,11.13,15.842,10.016,10.264,11.13,22.49,15.288
267,10.852,15.777,10.997,10.233,12.174,22.354,15.285
268,11.809,16.853,10.946,11.187,12.196,22.333,16.527
269,11.793,16.87,10.971,11.247,12.17,15.749,16.234
270,12.818,17.836,11.926,12.191,13.113,15.651,17.471
271,12.906,17.798,11.912,12.179,13.152,15.336,17.271
272,12.855,17.763,12.863,10.191,14.11,16.545,17.479
273,13.826,18.712,12.87,11.243,14.046,16.402,18.495
274,13.911,7.77,12.922,11.472,14.106,17.389,18.219
275,14.838,7.738,13.858,12.53,16.326,17.422,19.212
276,12.897,8.798,13.869,12.432,16.13,17.468,19.482
277,13.001,8.829,6.946,12.438,17.541,18.387,19.27
278,13.844,9.759,7.929,13.213,17.504,18.624,22.109
279,13.783,9.787,7.927,13.26,17.269,19.673,16.65
280,14.699,9.816,8.904,14.573,18.523,19.621,16.628
281,14.637,10.784,8.942,9.243,18.358,12.836,17.629
282,14.628,10.775,8.954,9.254,17.994,12.573,17.571
283,15.695,11.822,10.051,10.451,19.356,13.352,18.806
284,15.775,11.817,9.919,10.248,19.352,13.433,18.58
285,16.729,11.843,10.852,10.318,20.078,13.444,18.69
286,16.748,12.821,10.892,11.204,20.308,14.549,19.622
287,8.732,10.843,10.945,11.211,20.441,14.264,19.798
288,9.754,11.807,11.883,12.223,17.189,15.185,20.687
289,9.742,11.939,11.855,12.223,9.564,15.218,20.568
290,9.716,11.894,6.856,12.444,10.539,16.262,16.226
291,10.771,12.887,6.898,13.219,10.368,13.27,17.27
292,10.751,12.843,6.948,13.228,10.077,13.039,15.623
293,11.762,13.816,7.995,14.44,11.445,10.207,16.581
294,11.786,13.774,8.053,20.249,11.08,10.334,16.599
295,11.846,17.836,8.032,20.232,12.839,11.237,16.61
296,12.789,18.859,8.971,21.195,12.848,11.252,17.439
297,12.996,18.865,9.033,21.193,13.916,11.23,17.217
298,13.906,19.819,9.958,22.178,13.417,12.227,18.264
299,13.884,19.826,9.913,22.251,13.351,12.176,18.554
300,13.807,19.94,9.927,22.24,13.649,13.181,18.231
301,12.124,20.944,10.953,23.221,13.053,14.048,19.202
302,11.679,20.902,11.041,23.231,9.078,13.215,19.144
303,12.744,20.823,18.942,24.182,9.919,14.209,19.208
304,12.74,21.759,18.964,24.463,10.068,13.203,18.189
305,12.742,21.752,18.926,24.224,9.967,15.278,18.198
306,13.667,22.769,20.004,25.181,10.933,15.197,19.22
307,13.723,22.829,20.07,19.181,11.107,15.198,19.172
308,14.739,22.796,21.001,19.125,12.152,16.193,19.178
309,14.744,17.854,20.984,20.297,12.135,16.191,20.212
310,14.716,17.844,20.981,20.284,12.244,16.15,20.226
311,15.742,18.832,21.974,21.066,13.041,17.164,21.245
312,18.72,18.851,21.978,21.117,12.864,17.201,21.211
313,18.672,18.868,23.027,21.1,13.975,18.187,21.182
314,19.721,19.86,23.0,22.133,14.006,18.263,22.245
315,19.697,15.878,23.013,22.177,19.303,18.292,22.199
316,20.696,16.863,7.934,23.227,20.088,19.58,16.052
317,20.809,16.855,7.974,23.207,20.08,19.595,16.04
318,20.774,16.858,7.939,23.11,21.263,16.193,15.085
319,21.793,17.847,8.886,24.256,21.242,11.24,16.161
320,21.691,18.071,8.875,9.156,21.263,11.26,16.111
321,10.836,18.019,9.935,10.039,21.924,12.209,17.038
322,10.825,19.066,9.965,10.148,21.818,12.067,17.132
323,10.875,19.057,9.981,10.196,22.428,13.156,18.176
324,11.79,19.89,10.968,11.173,22.515,13.152,18.298
325,11.841,10.809,11.013,11.171,22.534,13.356,18.126
326,12.784,10.821,11.951,11.208,23.582,14.382,19.076
327,12.765,11.809,12.008,12.211,23.972,14.39,19.232
328,12.725,11.795,11.937,12.207,17.034,15.308,20.11
329,13.791,12.858,8.015,13.254,18.078,15.427,20.325
330,13.847,12.783,8.003,13.223,18.225,15.431,10.425
331,13.854,12.739,9.078,13.218,19.194,16.675,11.566
332,14.859,13.76,9.964,14.217,19.374,13.373,11.586
333,14.857,15.694,9.057,10.184,18.841,13.18,12.644
334,15.922,16.713,10.095,11.177,19.782,14.439,12.575
335,15.88,16.78,9.97,11.153,19.954,14.415,12.64
336,9.779,16.746,10.927,11.207,20.962,15.188,13.651
337,10.975,17.746,10.992,12.209,21.019,15.301,13.547
338,10.879,17.723,10.951,12.209,21.215,15.3,14.504
339,11.72,18.727,12.004,13.233,22.206,16.4,14.287
340,11.764,18.782,12.011,13.198,22.225,16.357,13.546
341,11.746,18.791,12.016,13.207,7.962,17.346,19.541
342,12.755,9.819,10.153,14.221,8.842,17.257,22.289
343,12.841,9.807,10.164,14.223,8.424,18.686,20.323
344,13.838,9.843,10.974,15.212,9.597,19.77,20.285
345,13.823,10.767,11.075,15.258,9.608,19.742,20.397
346,13.824,10.756,10.985,9.269,9.889,20.701,21.328
347,14.828,11.778,12.121,10.207,10.912,20.604,21.708
348,15.823,11.775,12.035,10.212,11.207,20.598,21.632
349,16.792,11.83,12.988,10.269,12.131,21.64,22.624
350,16.795,12.916,12.946,11.19,12.263,21.569,22.671
351,16.748,12.884,12.872,11.201,12.288,22.683,23.6
352,17.753,13.815,13.872,12.192,13.163,22.32,23.717
353,17.784,13.773,13.986,12.166,13.342,22.237,13.513
354,17.754,13.811,15.047,12.19,8.726,23.238,13.692
355,18.735,14.861,7.991,13.201,8.687,23.195,17.276
356,18.725,14.886,7.907,13.148,8.697,13.178,17.317
357,19.848,7.859,8.958,14.122,9.768,13.976,17.294
358,19.737,7.872,8.979,14.208,9.815,15.974,18.254
359,19.8,7.849,8.989,10.386,10.699,16.973,18.297
360,20.733,8.904,10.459,11.238,10.794,16.965,19.245
361,20.644,8.872,10.282,11.179,10.602,16.982,19.231
362,21.66,8.864,11.088,12.188,11.346,17.996,19.249
363,19.714,9.873,11.14,12.21,11.058,17.99,20.328
364,19.7,9.863,11.1,12.208,11.13,19.044,20.379
365,20.729,10.875,12.042,13.262,12.139,19.034,20.29
366,20.675,10.86,11.95,13.207,13.157,19.14,21.255
367,21.691,10.866,12.519,14.463,14.12,20.175,21.252
368,21.673,11.802,7.105,14.45,14.129,20.168,10.431
369,21.73,8.838,7.02,14.22,14.079,21.22,10.385
370,22.712,10.001,7.994,8.004,15.164,21.291,10.416
371,22.77,9.805,8.042,15.136,15.075,10.282,11.422
372,19.76,9.78,8.99,10.151,16.113,11.311,11.375
373,19.734,10.809,9.105,11.223,16.118,11.279,12.267
374,19.805,10.85,9.117,11.21,16.187,11.257,12.213
375,20.77,11.858,9.992,12.174,17.125,12.146,12.183
376,20.721,8.857,10.035,12.182,17.154,12.012,13.259
377,20.741,8.809,11.056,12.224,18.754,13.213,13.287
378,21.778,9.808,10.993,13.181,18.447,13.357,14.31
379,21.727,9.786,11.01,13.209,13.221,13.376,20.529
380,22.733,10.807,11.967,14.487,11.352,14.224,20.529
381,22.719,10.789,10.008,14.492,10.987,14.245,21.586
382,22.722,10.723,10.019,14.126,12.077,15.216,21.656
383,23.713,11.748,11.041,15.113,12.109,15.19,22.658
384,23.808,11.74,10.941,15.128,12.126,17.274,22.658
385,11.791,12.388,11.953,9.147,12.771,18.198,22.679
386,11.839,12.842,11.966,9.202,12.795,18.223,23.695
387,11.752,12.917,12.08,9.482,13.095,19.213,23.513
388,12.74,13.891,13.029,10.157,13.954,19.162,23.581
389,12.77,14.098,13.003,10.182,14.005,19.157,24.622
390,13.755,7.161,14.043,10.113,15.042,20.2,24.636
391,13.721,8.008,13.992,11.009,15.04,20.282,25.605
392,16.695,7.924,13.944,11.129,15.124,21.286,16.56
393,17.663,8.948,15.066,12.21,10.807,21.196,16.61
394,17.685,8.86,7.017,12.24,11.171,21.311,17.249
395,18.693,8.907,8.048,11.989,11.972,22.036,17.254
396,18.71,9.965,7.99,12.996,12.158,21.981,18.565
397,18.765,9.872,7.712,12.959,12.069,10.19,18.5
398,19.705,6.902,8.969,10.005,13.087,11.207,18.6
399,19.731,6.933,8.954,10.112,13.216,11.247,19.24
400,19.727,7.003,10.016,10.171,14.247,12.257,19.257
401,20.708,7.947,10.029,11.186,14.401,12.257,20.322
402,20.671,7.922,10.218,11.21,14.102,12.238,20.241
403,21.72,7.91,11.057,12.223,15.04,13.513,20.427
404,21.756,8.913,11.05,12.109,15.125,13.574,21.425
405,21.714,8.927,10.984,12.179,16.127,14.251,13.277
406,12.888,9.906,11.977,13.244,9.399,14.553,11.113
407,12.75,17.985,7.989,13.217,9.719,14.457,10.165
408,13.719,17.933,9.002,14.454,10.547,15.459,10.275
409,13.748,18.917,8.934,14.237,10.597,20.218,11.266
410,13.782,18.939,9.01,14.444,10.567,21.271,11.469
411,14.764,19.941,10.202,8.2,11.247,21.248,11.475
412,14.754,19.921,10.144,8.222,11.254,21.327,12.583
413,15.732,19.883,11.274,8.145,12.255,22.637,12.522
414,15.822,20.866,11.216,9.202,12.285,22.674,13.673
415,15.742,20.886,11.127,9.247,12.348,23.639,13.664
416,16.724,21.904,11.959,10.215,13.162,23.617,13.586
417,7.821,21.913,11.492,10.126,13.239,23.65,13.708
418,7.794,21.901,13.007,10.146,12.247,24.626,21.683
419,8.813,22.855,12.986,11.234,14.209,24.612,22.614
420,8.76,8.852,15.004,11.147,14.222,24.62,22.646
421,9.762,9.803,15.955,12.184,15.142,25.502,22.604
422,9.73,9.82,15.958,12.198,15.131,11.68,23.309
423,9.746,9.805,16.988,12.226,16.069,10.595,23.534
424,10.82,10.849,17.016,7.449,15.995,10.594,24.614
425,10.807,10.823,16.986,7.49,16.057,10.649,24.341
426,15.854,10.863,17.982,8.496,17.025,11.674,24.285
427,15.815,11.841,18.005,8.212,16.963,11.698,25.22
428,15.834,11.856,17.955,8.448,17.064,12.623,25.292
429,16.757,12.851,18.963,9.493,18.146,12.639,26.242
430,16.801,12.87,19.009,9.423,18.231,12.591,26.284
431,17.742,12.839,20.026,9.551,19.235,13.835,16.242
432,17.74,13.882,20.047,10.21,11.196,13.821,17.237
433,6.762,15.826,10.338,10.483,11.161,14.791,17.262
434,7.883,16.854,11.054,11.33,12.112,12.837,17.179
435,7.822,16.898,11.017,11.314,12.157,11.261,18.231
436,7.819,16.88,11.987,11.249,13.071,16.237,18.278
437,8.912,17.865,11.898,7.241,13.224,16.213,19.272
438,7.921,17.855,11.966,7.319,13.347,16.252,19.284
439,8.863,18.882,12.963,8.309,14.399,17.235,19.585
440,8.714,18.853,12.978,8.218,14.454,17.107,20.649
441,8.727,18.858,13.964,8.213,15.312,18.162,20.628
442,9.713,19.892,13.958,9.227,15.285,18.142,21.413
443,9.722,19.89,13.925,9.447,15.122,18.145,21.462
444,10.731,20.864,14.964,10.214,16.261,19.214,18.249
445,10.776,20.861,14.863,10.255,10.173,19.166,19.272
446,10.776,12.9,7.865,10.195,11.304,20.203,14.542
447,11.756,13.848,8.964,11.077,11.302,20.162,15.199
448,11.748,13.855,8.947,11.102,11.305,20.167,15.186
449,12.907,13.909,10.054,12.136,12.213,14.655,15.257
450,12.884,14.925,10.48,7.146,12.259,14.63,16.193
451,12.933,14.915,9.995,7.187,12.214,15.67,16.232
452,13.866,15.844,10.985,8.214,13.19,15.616,16.507
453,7.823,15.878,11.786,8.201,13.467,15.611,17.263
454,8.788,15.856,11.981,8.21,14.049,16.591,17.189
455,8.836,16.873,11.936,9.461,14.028,16.666,18.22
456,8.858,16.871,11.9,9.48,14.142,17.593,18.24
457,9.919,17.878,10.087,10.221,15.465,17.609,20.294
458,9.866,17.813,12.845,10.214,9.301,17.644,21.472
459,9.864,6.832,7.909,9.956,10.265,18.639,21.257
460,8.821,7.893,7.884,11.227,10.253,18.667,22.312
461,8.834,7.836,7.899,11.229,10.241,12.247,22.27
462,9.836,8.889,8.91,12.184,11.171,15.156,22.294
463,9.84,8.873,8.886,8.184,11.034,15.197,23.696
464,10.078,8.825,9.947,8.143,12.147,16.474,23.708
465,7.834,9.887,9.853,9.143,12.181,16.518,24.61
466,7.803,9.829,9.862,9.196,12.334,16.491,24.554
467,8.817,9.867,10.913,10.041,13.062,17.208,24.46
468,8.789,10.838,10.944,10.032,13.142,17.16,25.574
469,8.832,10.9,10.911,10.104,13.223,18.148,25.587
470,9.864,11.845,11.926,11.193,14.309,18.155,19.231
471,9.895,11.872,11.935,11.168,10.389,18.218,19.234
472,7.846,9.834,9.971,12.242,11.221,19.257,15.272
473,7.739,10.861,9.913,12.213,11.565,19.241,16.256
474,7.695,10.824,9.964,12.19,11.555,20.233,16.231
475,8.718,11.87,11.008,13.138,12.556,17.624,16.231
476,8.68,11.851,10.972,9.226,12.346,17.657,17.242
477,15.781,11.86,8.072,9.228,13.323,18.663,17.198
478,15.692,12.812,11.958,10.225,13.747,18.579,18.259
479,15.716,12.853,11.95,10.215,13.743,19.483,18.294
480,16.773,13.715,12.978,11.149,14.299,19.547,18.231
481,16.697,13.89,12.973,11.002,14.292,19.679,19.254
482,16.675,13.809,14.177,11.039,12.17,20.537,19.272
483,17.711,14.795,14.137,12.005,12.639,20.426,20.332
484,19.697,14.834,14.116,12.058,21.036,20.568,20.32
485,20.715,7.869,7.078,13.005,22.152,21.555,15.917
486,20.706,7.89,7.105,13.037,22.149,21.632,15.176
487,20.715,7.894,7.183,13.025,23.178,19.272,16.659
488,21.775,8.858,8.127,13.987,23.146,14.235,17.659
489,21.81,8.919,8.105,9.118,23.166,14.173,17.614
490,12.74,8.904,9.11,9.993,24.249,15.036,17.581
491,12.734,9.892,9.08,10.127,24.545,15.032,18.577
492,12.716,9.899,9.094,10.035,25.1,16.013,18.542
493,13.683,10.844,10.278,11.14,25.096,15.932,18.684
494,13.763,10.838,9.999,11.112,25.128,16.062,19.246
495,14.733,10.855,11.055,12.145,26.027,16.992,19.202
496,14.73,11.823,10.916,12.177,26.096,17.017,20.23
497,14.825,11.781,11.069,12.087,16.081,18.117,20.226
498,15.732,6.812,7.025,13.254,17.073,18.216,14.284
499,15.734,6.89,6.959,13.263,17.182,18.19,15.267
500,16.699,6.852,7.996,13.207,18.209,19.219,15.269
501,16.691,7.86,8.015,14.442,18.144,16.477,16.319
502,16.76,7.866,8.05,11.177,17.94,16.57,16.298
503,17.733,8.863,8.95,12.132,19.003,17.537,16.292
504,17.751,8.827,8.94,12.112,19.16,17.639,17.341
505,7.728,8.889,9.99,12.229,19.572,18.638,17.565
506,8.741,9.859,9.966,13.25,20.155,18.562,18.654
507,8.754,9.804,9.977,13.156,20.106,18.612,18.557
508,9.729,10.82,10.942,14.138,21.193,19.587,18.288
509,9.908,10.847,10.897,14.201,21.187,19.594,19.314
510,9.88,10.867,10.916,14.056,13.643,20.593,19.542
511,10.837,21.822,7.933,15.124,13.63,20.625,15.237
512,10.842,21.871,7.923,15.099,16.48,20.622,15.169
513,11.812,22.842,9.033,16.157,17.555,19.22,15.187
514,11.83,22.849,8.992,16.197,17.469,13.628,16.238
515,11.85,22.823,8.96,9.213,17.557,14.73,16.24
516,12.826,23.801,9.936,10.246,18.607,14.642,16.286
517,9.949,23.781,9.754,10.23,18.302,14.621,17.588
518,10.912,23.828,11.003,10.191,19.594,15.642,17.682
519,7.941,24.843,10.933,11.011,19.261,15.616,18.609
520,10.82,25.127,10.948,11.169,19.504,16.732,18.612
521,11.853,25.969,11.935,12.167,20.482,16.775,22.217
522,11.882,25.844,11.985,12.107,20.251,16.661,23.269
523,11.819,25.789,13.001,12.172,21.494,17.596,23.541
524,12.835,6.71,13.99,13.224,21.476,17.686,24.279
525,12.816,10.917,13.935,13.275,9.559,17.664,24.254
526,13.816,7.732,15.027,14.284,10.296,13.358,24.285
527,13.768,7.726,14.985,14.486,10.36,18.183,25.241
528,13.768,7.758,15.926,9.457,11.246,19.199,25.484
529,14.909,8.809,15.924,10.291,11.27,19.17,26.236
530,14.755,8.817,15.962,10.163,11.378,19.067,26.276
531,15.69,8.799,16.993,11.003,12.295,20.235,26.254
532,9.75,9.828,17.03,10.976,12.378,20.264,27.215
533,9.728,9.819,17.05,10.979,12.685,21.215,27.18
534,10.721,10.828,18.003,12.041,13.166,21.289,28.246
535,10.687,10.83,17.968,11.998,18.05,21.276,21.633
536,12.4,10.868,18.977,13.004,18.958,22.185,21.614
537,11.782,6.785,7.928,12.985,19.072,22.215,22.485
538,11.779,6.807,10.936,13.154,19.017,23.161,16.521
539,12.565,7.816,11.922,14.172,20.067,23.198,16.522
540,12.674,7.914,11.93,14.131,20.076,10.567,17.66
541,13.657,7.974,12.927,11.11,20.989,10.634,17.588
542,13.659,8.858,12.906,12.152,20.991,10.66,18.497
543,13.843,8.852,12.876,12.208,14.988,10.647,18.706
544,14.743,9.837,13.857,13.173,15.943,11.826,18.327
545,14.697,9.879,13.915,13.185,15.914,11.64,19.222
546,14.686,9.829,14.943,13.226,16.898,12.574,19.259
547,11.652,10.857,15.002,14.187,16.892,12.571,20.282
548,11.675,10.824,8.005,14.212,16.917,12.577,20.434
549,12.752,11.865,8.948,15.208,17.951,13.652,20.606
550,12.725,15.331,8.864,15.211,17.971,14.616,21.332
551,12.908,17.804,8.91,15.207,18.991,13.842,18.204
552,13.821,18.777,9.884,16.449,10.925,12.233,19.167
553,13.802,18.825,11.951,16.155,10.965,14.175,19.157
554,14.75,19.888,12.682,9.49,11.98,15.248,19.212
555,14.722,8.854,12.979,9.497,12.001,15.195,20.179
556,11.807,8.865,12.999,9.498,11.997,16.231,20.244
557,12.922,9.873,14.016,10.272,13.153,16.205,14.327
558,12.937,9.849,13.991,10.262,13.202,16.242,15.282
559,13.958,9.854,14.948,11.569,14.14,17.206,15.242
560,13.817,10.74,14.989,11.246,14.062,21.21,16.478
561,13.732,10.875,15.047,11.235,13.965,18.095,16.544
562,14.8,11.785,16.012,12.258,15.115,18.154,16.668
563,14.747,11.799,15.962,12.234,15.108,18.185,17.816
564,15.714,11.832,16.946,12.207,16.135,19.196,19.683
565,15.763,12.859,16.942,13.23,11.27,19.224,20.611
566,15.775,12.81,16.926,13.199,11.285,10.239,20.698
567,16.735,8.848,18.023,7.169,12.169,11.244,20.594
568,16.725,8.802,7.991,7.101,11.981,11.282,21.615
569,16.775,8.858,8.951,7.055,12.992,12.188,21.228
570,17.776,9.813,9.012,8.098,13.001,12.249,22.266
571,6.748,9.77,9.01,8.12,13.179,12.29,22.271
572,7.719,10.756,10.212,9.137,14.247,13.215,22.61
573,7.799,10.73,10.288,9.476,14.284,13.218,23.633
574,7.778,10.766,11.172,9.601,15.165,14.25,23.636
575,8.71,11.739,11.166,10.209,15.019,14.299,24.619
576,8.736,6.723,11.171,10.776,15.149,14.217,24.643
577,9.78,6.712,12.17,11.094,16.632,15.265,16.565
578,9.758,7.712,12.111,11.132,9.291,15.177,17.597
579,9.795,7.72,12.074,11.243,9.1,10.473,21.256
580,10.746,8.784,9.068,9.312,10.081,10.756,21.32
581,10.602,8.739,9.091,9.226,10.056,10.848,22.286
582,11.632,8.747,10.463,9.171,11.042,11.775,22.256
583,11.611,9.743,10.594,10.151,11.084,11.79,23.333
584,11.644,9.763,10.079,10.216,11.25,12.775,23.344
585,12.645,10.847,11.059,11.212,12.377,12.446,23.362
586,15.687,10.82,10.978,11.177,12.393,12.487,21.938
587,15.74,10.867,13.077,11.023,13.162,13.755,24.218
588,16.749,11.86,12.985,12.015,13.033,13.652,25.247
589,16.757,7.89,12.98,12.022,13.164,13.283,25.229
590,17.774,8.883,13.97,13.006,20.629,14.283,25.195
591,17.744,8.849,14.035,13.065,20.3,11.285,26.291
592,17.738,8.874,12.059,13.157,21.244,15.162,16.627
593,18.711,9.86,12.189,18.992,21.19,15.246,17.567
594,18.737,9.876,12.199,19.035,21.199,15.239,17.625
595,19.736,9.802,13.142,20.014,22.231,16.211,17.599
596,19.738,16.871,13.094,20.013,22.243,16.211,18.639
597,19.824,10.864,13.163,20.05,23.303,17.159,18.553
598,20.781,11.856,14.1,21.095,23.483,17.194,19.242
599,20.821,11.824,14.033,21.07,23.605,17.17,19.462
600,9.758,11.899,15.055,22.162,24.656,18.197,19.461
601,9.567,12.904,15.051,22.12,24.647,18.218,20.685
602,9.737,7.872,15.074,22.011,24.548,19.2,15.233
603,10.71,8.879,16.07,23.108,13.193,19.219,18.639
604,10.705,8.804,16.075,22.983,16.122,19.184,19.502
605,11.728,8.814,17.092,24.162,17.155,15.272,20.179
606,11.769,9.813,17.05,8.133,17.156,15.236,21.181
607,11.683,9.772,10.153,8.161,17.155,16.273,21.186
608,12.671,10.823,11.117,9.168,18.008,16.103,21.237
609,7.734,10.886,11.09,9.218,18.149,16.053,22.261
610,7.495,10.92,11.982,9.163,19.08,17.036,22.273
611,8.771,11.893,12.024,10.223,19.156,17.076,23.718
612,8.049,11.842,11.996,10.223,19.165,17.177,23.251
613,9.708,12.869,12.995,11.223,20.047,18.033,23.224
614,9.411,12.819,12.961,11.221,19.994,18.114,24.201
615,9.818,6.851,13.973,11.208,21.047,19.181,24.203
616,11.892,7.87,14.007,12.202,21.216,19.21,25.254
617,11.771,7.837,10.01,12.188,8.112,19.206,25.068
618,12.78,7.86,15.012,13.091,9.095,16.845,15.235
619,12.799,8.828,8.968,8.067,9.066,16.62,16.507
620,12.755,8.932,8.874,7.977,9.022,17.598,16.625
621,13.206,9.879,9.933,9.008,10.052,17.598,16.58
622,13.64,9.899,10.252,8.969,10.027,17.573,17.639
623,14.531,9.841,11.039,9.019,11.094,18.614,17.673
624,7.527,10.839,11.038,10.028,11.129,18.59,18.701
625,7.596,10.843,11.006,10.075,11.065,19.628,18.55
626,8.597,11.856,9.953,11.137,12.44,19.598,18.627
627,8.655,11.859,10.037,11.144,12.459,19.578,19.595
628,8.674,7.896,10.967,11.207,13.178,20.578,19.455
629,9.688,8.941,10.946,12.216,15.61,20.494,16.254
630,9.782,8.939,10.995,12.176,15.278,17.059,16.279
631,10.699,9.932,11.927,13.172,16.513,11.602,11.491
632,10.014,9.913,12.082,11.068,16.291,11.25,12.259
633,20.997,9.871,13.031,11.063,17.578,12.145,12.258
634,22.007,10.841,12.924,12.141,17.246,12.167,13.499
635,22.831,10.924,12.909,12.13,17.167,12.167,13.497
636,23.738,11.925,13.89,13.153,18.194,13.117,13.246
637,23.791,11.892,13.927,13.187,18.564,13.318,14.527
638,23.796,11.888,14.86,13.176,19.66,14.37,14.131
639,24.798,12.902,14.829,14.501,19.624,14.622,15.076
640,24.735,12.908,19.872,14.228,19.811,14.481,15.166
641,25.45,8.941,20.848,15.228,20.613,15.602,15.258
642,25.752,9.849,20.878,15.187,12.233,15.342,16.479
643,13.716,9.89,20.842,15.203,15.109,13.113,16.211
644,14.719,10.86,21.848,16.22,16.189,10.191,11.266
645,14.646,10.836,21.921,8.243,16.233,10.965,12.2
646,15.644,10.894,22.854,8.268,17.254,11.182,12.251
647,15.686,11.865,23.011,9.261,17.284,11.195,13.185
648,15.693,11.885,7.016,9.569,17.117,12.199,13.338
649,16.722,12.92,8.025,10.275,18.125,12.189,13.2
650,16.7,12.924,7.955,10.214,18.196,12.24,14.044
651,19.69,12.913,8.938,10.227,19.193,13.73,14.09
652,19.766,13.833,8.904,11.218,19.16,13.671,15.082
653,19.729,13.872,8.949,11.201,19.15,19.654,15.06
654,20.714,10.845,9.893,12.204,20.216,20.656,15.133
655,20.702,10.868,9.89,12.236,20.189,20.577,16.02
656,20.723,10.866,10.871,12.212,14.114,21.539,16.077
657,21.74,11.803,8.935,13.145,18.284,21.6,15.209
658,21.757,11.78,8.853,7.208,14.268,21.608,15.204
659,22.725,11.778,9.875,8.245,15.366,22.442,15.253
660,22.718,12.916,9.826,8.222,15.376,22.215,16.238
661,22.376,12.818,9.839,8.224,16.311,23.201,16.585
662,23.545,13.746,10.867,9.476,16.137,23.201,16.582
663,8.606,13.842,10.855,9.453,16.251,23.212,17.651
664,9.63,13.863,11.929,10.44,17.279,24.277,17.508
665,9.655,14.859,11.897,10.234,17.455,24.265,18.524
666,9.695,14.801,11.987,10.262,17.325,25.433,18.577
667,10.767,21.811,13.02,11.13,18.295,15.379,18.636
668,10.776,21.804,13.002,11.185,18.11,15.19,19.261
669,11.756,21.897,14.014,11.241,11.156,15.244,14.03
670,11.863,22.863,13.998,12.204,11.226,15.444,12.221
671,11.778,22.877,13.905,9.459,10.949,16.27,12.168
672,12.721,23.879,10.866,10.204,11.934,16.247,12.199
673,12.785,23.836,11.371,10.445,11.974,16.19,13.255
674,12.62,23.783,12.122,10.188,12.982,17.259,13.291
675,13.681,24.684,12.047,11.198,13.003,11.049,14.23
676,13.708,24.831,12.066,11.203,12.931,10.94,14.264
677,14.791,25.83,12.844,12.18,14.13,11.957,14.257
678,12.724,25.839,13.106,12.204,14.187,12.006,15.273
679,12.801,25.871,14.085,12.196,15.158,13.053,15.333
680,13.743,16.922,14.008,13.189,15.002,13.069,16.232
681,13.396,16.874,13.942,13.221,14.938,13.053,16.24
682,14.53,16.868,14.989,14.456,9.881,18.228,11.279
683,14.6,17.873,14.972,14.644,9.916,18.18,14.104
684,14.705,17.856,6.998,7.221,9.915,20.243,14.178
685,15.673,18.908,8.007,8.183,10.936,20.249,14.228
686,15.733,18.907,7.964,8.057,10.931,20.276,15.174
687,16.709,18.925,8.99,8.154,11.955,21.215,15.014
688,16.762,19.818,9.066,9.168,11.937,21.209,16.201
689,16.732,19.829,9.003,9.504,11.931,22.224,16.282
690,7.7,20.826,10.28,10.207,12.919,22.268,16.288
691,7.761,20.834,16.011,10.235,12.953,22.218,17.365
692,7.824,20.821,17.012,10.156,13.992,23.214,17.361
693,8.743,12.751,17.276,11.156,14.016,23.189,18.712
694,8.775,12.81,17.313,11.217,14.013,24.227,19.738
695,9.693,13.871,18.124,12.132,11.193,24.209,19.799
696,9.732,13.866,18.061,12.186,11.241,24.219,20.856
697,9.803,13.846,19.223,10.73,12.253,11.037,20.787
698,10.79,14.827,19.157,11.202,12.479,11.029,21.724
699,10.816,14.824,19.078,11.252,12.628,11.183,21.703
700,12.017,15.212,20.14,12.216,13.502,12.174,21.78
701,11.942,15.906,20.072,12.108,13.508,12.075,22.54
702,18.57,15.885,21.076,12.144,14.613,13.048,22.711
703,19.554,16.888,21.081,13.206,14.454,13.098,24.055
704,19.624,16.883,21.109,13.144,14.579,13.239,23.675
705,20.54,16.829,7.104,14.184,15.553,14.189,23.687
706,20.614,6.864,7.121,14.2,15.467,17.481,24.671
707,20.653,6.851,7.097,14.233,11.016,18.625,20.295
708,21.652,7.882,8.191,15.096,10.167,18.472,20.525
709,21.699,7.931,8.139,15.215,10.248,18.562,21.232
710,22.706,7.888,9.101,10.116,11.513,19.315,21.313
711,9.668,8.907,9.0,11.084,11.471,19.674,22.236
712,9.635,8.871,8.893,11.025,11.485,20.606,22.253
713,10.641,9.852,12.953,12.137,12.251,20.657,22.614
714,10.703,9.846,12.93,12.139,12.171,20.788,23.659
715,10.644,9.865,14.091,12.093,13.687,21.627,23.591
716,11.603,10.838,14.009,13.089,13.628,21.642,24.575
717,11.677,10.802,13.908,13.07,13.734,21.83,24.554
718,12.799,11.78,14.866,14.204,14.863,22.638,24.316
719,12.677,9.789,14.841,14.322,14.873,22.315,14.584
720,12.744,9.848,15.889,14.239,13.405,13.122,15.62
721,10.585,10.77,15.893,8.113,9.485,13.12,16.618
722,10.42,10.743,15.877,8.19,10.892,12.441,21.267
723,11.568,10.745,16.93,9.138,10.579,10.238,21.312
724,11.672,11.768,16.923,9.096,10.491,10.271,22.329
725,11.715,11.75,16.943,9.207,11.547,11.353,22.146
726,12.669,12.77,18.003,10.289,11.241,11.159,23.187
727,12.678,12.726,18.006,10.177,12.544,11.157,23.221
728,13.688,12.711,10.994,11.207,12.497,21.482,23.405
729,13.803,13.836,11.006,11.179,12.334,21.66,24.383
730,13.696,13.811,11.004,11.22,13.56,22.766,24.365
731,14.6,14.84,11.901,12.136,13.075,22.818,24.331
732,10.647,12.846,12.065,12.19,11.223,22.801,25.21
733,11.783,12.792,12.958,12.143,11.244,23.723,25.194
734,11.69,13.81,15.049,13.063,12.308,23.791,26.053
735,11.727,13.85,15.009,7.047,12.603,24.66,16.052
736,12.746,14.797,16.01,8.114,13.787,24.598,16.176
737,12.956,14.81,13.799,8.107,13.781,10.189,17.087
738,12.821,14.836,17.014,8.145,13.707,11.211,17.136
739,13.901,15.824,17.015,9.19,14.773,11.563,18.156
740,13.8,15.876,17.016,9.065,14.668,11.288,18.234
741,14.641,16.778,17.994,10.182,15.559,12.24,18.125
742,14.789,16.788,17.988,10.144,15.698,12.155,19.048
743,14.682,16.735,19.009,7.006,15.344,13.038,19.221
744,15.698,17.761,7.992,8.017,13.294,13.173,20.31
745,15.723,7.732,7.986,8.079,8.272,13.204,20.261
746,10.684,7.813,8.992,9.062,8.318,14.323,20.273
747,10.72,8.757,9.047,9.188,9.201,14.291,21.463
748,10.696,8.785,9.021,9.457,8.942,14.636,11.597
749,11.726,9.801,10.005,10.255,10.149,15.597,11.259
750,11.766,9.811,10.003,10.235,10.175,16.616,12.502
751,12.709,9.797,10.94,11.174,10.248,17.663,12.652
752,12.723,10.778,20.977,7.211,11.272,17.646,13.589
753,12.696,10.757,21.009,7.171,11.261,18.634,13.481
754,13.656,11.771,22.045,8.214,12.151,18.635,13.218
755,13.671,11.793,21.96,8.205,12.299,18.56,14.252
756,14.703,11.83,22.889,8.22,12.36,19.215,14.248
757,14.787,12.827,22.924,9.179,13.385,19.566,15.499
758,14.776,17.868,22.994,9.46,10.722,20.564,20.487
759,15.81,18.89,23.981,10.265,11.504,20.603,20.249
760,10.738,18.893,23.941,10.21,11.597,20.579,21.234
761,10.685,18.858,9.946,10.384,11.604,21.247,21.613
762,11.834,19.871,9.954,11.214,12.729,21.223,22.628
763,11.817,19.902,9.973,11.209,12.95,15.256,22.615
764,12.802,20.887,10.998,12.15,13.608,16.267,22.485
765,12.759,20.906,10.997,8.251,13.607,16.241,23.465
766,12.772,20.912,11.012,8.477,13.473,17.182,23.474
767,13.739,21.845,12.035,9.471,14.817,17.136,24.225
768,10.648,21.848,12.085,9.541,14.293,17.151,24.195
769,11.711,22.899,12.893,10.254,14.673,18.154,24.229
770,11.692,22.912,12.909,10.226,12.04,18.151,25.451
771,11.649,6.908,12.95,10.214,10.014,19.147,18.522
772,12.709,7.865,13.204,11.212,11.0,19.209,18.219
773,12.679,7.846,14.061,11.205,11.115,19.24,19.256
774,13.666,7.879,7.999,11.2,11.115,20.241,13.767
775,13.694,8.793,8.077,12.427,12.179,20.158,14.558
776,13.659,8.79,7.982,12.232,12.233,12.147,14.606
777,9.742,9.894,9.036,13.181,13.149,12.151,14.737
778,9.725,9.911,8.988,9.201,13.093,12.152,15.571
779,9.747,9.815,10.057,9.495,13.198,13.248,15.636
780,10.677,10.902,10.061,10.23,14.19,13.294,16.705
781,10.612,10.898,10.043,10.255,14.353,13.264,16.627
782,11.726,11.864,11.187,11.232,15.256,14.229,16.625
783,11.609,11.891,11.03,11.181,15.263,14.556,17.736
784,11.713,7.847,11.963,11.448,9.7,15.232,17.666
785,12.766,8.905,12.005,12.247,10.741,15.185,18.618
786,12.751,8.908,11.995,12.228,10.757,15.219,12.279
787,12.778,8.896,6.984,13.148,10.707,16.143,15.114
788,12.734,9.841,6.98,13.169,11.795,16.153,16.183
789,12.907,9.901,6.971,13.022,11.671,10.149,16.178
790,13.796,10.923,8.022,14.178,12.669,10.152,16.25
791,13.869,10.922,7.962,8.217,12.581,10.19,17.255
792,9.808,10.821,8.986,9.522,12.717,11.204,17.173
793,9.77,11.766,9.121,9.318,13.717,11.173,18.238
794,9.695,11.748,9.007,9.424,13.866,12.226,18.217
795,10.769,12.792,10.059,10.178,14.836,12.267,18.25
796,10.769,12.786,9.979,10.212,12.294,12.247,19.28
797,11.913,7.894,8.394,10.432,21.215,13.209,19.248
798,11.919,8.882,11.01,11.215,21.79,13.226,20.226
799,11.772,8.88,10.951,11.254,22.038,13.205,20.164
800,12.749,9.897,12.967,12.208,23.095,14.23,14.515
801,12.745,9.817,12.975,12.243,23.15,15.466,15.604
802,9.812,9.874,13.983,12.211,23.169,19.614,15.654
803,10.694,10.876,13.954,13.223,24.166,19.618,16.646
804,10.684,10.836,13.936,7.198,24.173,19.607,16.681
805,11.764,11.844,14.967,8.238,25.042,20.704,16.636
806,11.724,11.86,14.947,8.173,25.051,20.57,17.497
807,11.758,11.907,15.967,8.173,25.105,21.672,17.538
808,12.736,12.873,15.945,9.163,26.35,21.664,18.662
809,12.832,12.867,15.955,9.163,26.239,21.671,18.847
810,13.787,21.935,16.956,10.215,9.651,22.646,18.503
811,13.811,21.875,16.907,10.218,10.807,25.244,19.282
812,15.775,21.875,16.908,10.234,10.482,23.687,15.27
813,16.802,22.836,10.019,11.218,11.273,23.636,18.233
814,16.859,22.821,9.983,11.204,11.266,23.682,19.241
815,17.812,22.889,11.286,12.214,11.228,18.519,19.245
816,17.844,23.876,11.014,12.219,12.305,18.623,20.306
817,18.002,23.9,11.1,8.196,12.289,19.62,20.277
818,18.729,24.868,11.935,9.445,13.53,19.62,20.226
819,18.982,24.851,11.915,9.506,13.627,19.617,21.208
820,19.773,25.2,12.867,9.256,13.478,20.781,21.252
821,19.718,26.006,12.83,10.232,14.623,20.795,22.26
822,19.667,25.902,12.871,10.244,13.208,21.691,22.259
823,20.684,6.941,13.804,11.027,11.304,21.739,23.289
824,20.619,6.959,13.84,11.018,11.543,21.512,23.261
825,20.592,6.89,14.914,11.139,11.518,22.771,20.817
826,8.614,7.891,9.879,12.236,12.304,22.481,20.616
827,8.69,7.951,9.848,12.192,12.289,22.485,20.82
828,9.652,7.951,10.946,13.184,13.213,13.17,21.657
829,9.669,9.077,11.048,13.209,13.266,11.632,21.833
830,10.033,9.108,11.051,7.197,13.282,12.471,22.866
831,10.715,10.027,11.879,8.206,14.181,12.662,22.662
832,10.77,10.022,11.995,8.214,14.262,12.619,23.731
833,11.685,9.915,13.066,9.114,14.338,13.659,23.754
834,8.732,10.834,12.92,9.13,15.314,13.634,23.891
835,8.735,10.999,12.895,12.205,11.194,14.565,25.026
836,9.718,8.837,13.9,10.22,10.657,14.587,18.148
837,9.808,8.807,13.973,10.232,10.648,14.563,13.359
838,10.963,8.826,14.909,10.131,10.231,15.595,13.289
839,10.918,9.838,12.918,11.207,11.185,15.234,13.534
840,10.885,9.96,12.927,11.221,11.113,16.211,14.482
841,11.779,10.998,13.948,12.189,12.083,15.186,14.302
842,11.817,10.86,13.938,12.213,12.102,20.035,15.543
843,11.819,10.83,15.001,10.182,12.075,21.129,15.266
844,12.855,11.827,14.916,11.206,13.158,21.077,15.292
845,12.845,11.785,15.009,11.218,13.173,21.179,16.235
846,16.733,12.786,16.006,12.264,14.102,22.204,16.23
847,16.731,12.953,16.02,12.227,14.107,22.207,17.186
848,16.722,12.816,17.014,12.192,12.6,23.18,18.636
849,17.725,7.848,17.036,13.219,11.091,23.058,18.702
850,17.741,7.817,17.009,13.094,11.085,23.151,19.609
851,18.689,7.746,17.966,14.113,11.144,24.09,20.639
852,18.694,8.759,9.952,14.112,12.126,24.2,20.617
853,18.717,8.702,10.083,14.105,12.086,25.249,20.661
854,19.742,9.736,11.086,15.12,13.179,25.165,21.669
855,19.746,9.716,11.175,15.106,13.187,11.605,21.643
856,20.734,9.88,12.089,9.013,13.092,12.227,21.577
857,20.866,10.779,12.247,9.11,14.158,12.236,22.621
858,9.772,10.766,12.169,9.015,14.086,13.683,22.584
859,10.798,11.756,12.992,9.983,15.138,13.736,23.611
860,10.685,11.77,13.04,10.131,15.047,13.713,12.676
861,11.658,11.757,13.883,10.008,13.975,15.362,16.727
862,11.715,8.773,13.909,10.985,15.902,14.71,17.694
863,11.714,8.743,13.944,10.972,15.949,15.672,17.684
864,12.789,9.746,14.965,12.006,16.942,15.622,18.567
865,12.8,9.756,6.928,12.046,16.928,15.625,18.711
866,12.788,9.76,7.972,12.043,16.984,14.619,18.574
867,13.688,10.737,7.949,13.004,18.057,13.21,19.614
868,13.731,10.763,8.032,13.096,18.047,14.358,19.648
869,14.741,11.835,8.933,7.183,19.038,15.14,20.456
870,14.742,11.846,9.009,7.127,19.056,15.048,20.534
871,14.655,11.819,8.994,7.06,19.039,16.226,20.52
872,15.703,12.896,9.948,8.116,20.171,16.228,21.631
873,7.711,12.845,10.065,8.152,20.245,16.317,22.041
874,8.649,12.882,11.089,9.453,21.165,17.487,11.46
875,8.618,7.828,11.161,9.224,14.193,17.33,14.63
876,8.629,7.86,11.012,9.466,14.113,18.334,14.272
877,9.622,8.825,12.015,10.139,15.147,18.322,15.271
878,9.674,8.836,9.914,10.016,14.956,18.316,15.077
879,10.693,8.868,10.944,11.127,15.256,19.302,15.224
880,10.644,9.845,10.994,11.039,16.095,19.156,16.187
881,10.612,9.935,10.912,11.126,16.149,18.737,16.108
882,11.646,10.883,12.224,7.188,17.16,18.718,17.356
883,11.647,10.874,12.087,7.162,17.163,18.694,17.297
884,11.66,10.879,13.003,7.235,17.023,19.664,17.183
885,18.676,11.923,13.015,8.285,18.141,19.628,18.169
886,18.72,11.876,12.958,8.566,17.959,20.585,21.41
887,19.735,12.885,14.029,9.605,18.985,20.548,22.347
888,19.743,7.832,13.85,9.521,9.315,20.266,22.367
889,19.791,7.913,14.762,9.559,9.295,21.633,22.299
890,20.72,8.939,14.825,10.518,10.304,21.261,23.321
891,20.769,8.931,6.809,10.481,10.629,21.301,23.335
892,11.75,8.866,7.859,11.235,11.525,17.138,24.438
893,11.743,9.871,8.035,11.541,11.556,17.168,24.897
894,11.712,9.842,7.963,11.45,11.296,11.693,24.557
895,12.74,10.855,9.072,9.104,12.223,11.717,25.589
896,12.745,10.832,8.998,9.075,12.348,11.67,25.662
897,13.686,10.86,9.968,9.999,12.568,12.545,25.646
898,13.733,11.826,9.888,10.043,13.14,12.584,26.718
899,13.791,11.872,9.652,10.173,13.592,13.676,16.242
900,14.581,12.82,11.015,11.155,13.306,13.659,17.182
901,14.711,7.821,10.891,11.129,16.157,13.621,14.306
902,15.717,7.833,11.143,11.143,16.156,14.724,14.181
903,17.786,8.814,11.169,12.214,17.139,14.689,15.288
904,17.778,8.858,6.984,12.195,17.156,15.742,15.219
905,18.671,10.038,7.991,13.257,18.163,14.806,16.239
906,18.745,9.859,7.978,13.178,18.169,12.616,16.495
907,19.684,9.89,9.03,13.158,18.02,14.374,16.629
908,19.716,10.834,8.957,11.179,19.21,14.385,17.615
909,19.775,10.937,9.005,11.158,19.176,14.377,17.573
910,20.723,11.935,9.824,11.938,20.197,15.223,18.629
911,8.725,11.861,9.758,12.215,20.022,15.222,18.659
912,8.553,11.884,10.899,12.209,20.211,16.183,19.635
913,9.541,12.861,11.017,13.109,21.192,16.171,20.544
914,9.493,18.869,10.891,13.014,11.087,16.288,20.633
915,10.451,19.852,12.19,14.023,11.045,17.247,21.654
916,10.473,19.867,12.087,14.109,12.112,17.178,21.573
917,10.697,19.888,9.19,14.144,12.095,18.226,21.481
918,10.769,20.832,10.178,15.105,13.216,18.268,22.649
919,10.779,20.899,9.811,15.23,13.344,18.221,22.646
920,11.766,20.939,11.089,16.12,13.1,20.299,22.691
921,11.656,21.876,11.041,10.143,14.364,20.067,23.741
922,11.71,21.904,11.02,10.127,14.327,21.202,23.623
923,9.727,22.87,11.848,11.084,15.164,21.165,24.535
924,9.768,22.882,11.977,11.11,17.597,21.195,24.32
925,10.748,7.856,12.95,11.176,17.588,22.08,20.638
926,10.744,8.823,12.984,12.232,18.477,22.22,21.62
927,10.756,8.801,13.06,12.04,18.566,23.04,21.579
928,11.719,9.766,13.906,13.209,19.535,23.156,22.538
929,11.773,9.897,13.875,13.317,19.263,23.188,22.582
930,11.785,9.956,18.919,13.271,19.25,24.254,22.638
931,12.837,10.873,18.934,14.245,20.487,24.207,23.679
932,12.858,10.831,18.884,14.151,20.25,24.27,23.57
933,13.793,11.825,19.927,15.261,21.228,9.52,24.765
934,13.782,11.819,20.027,11.263,21.59,9.651,24.601
935,13.796,12.019,21.018,11.124,21.62,10.614,24.591
936,14.794,12.991,21.026,12.176,22.494,10.607,13.661
937,14.886,12.956,21.119,12.141,22.521,10.579,13.631
938,8.905,12.984,21.917,13.183,11.28,11.207,13.64
939,8.757,6.934,21.945,13.221,12.167,11.484,12.221
940,8.673,7.078,22.93,13.172,12.227,12.614,10.92
941,9.596,8.008,22.904,14.08,13.283,12.599,11.906
942,9.628,7.97,22.837,14.106,13.33,12.474,11.271
943,10.62,7.989,15.874,15.089,13.403,13.593,11.287
944,10.67,8.98,15.829,15.097,14.503,12.491,11.216
945,10.695,8.921,15.91,15.186,14.467,12.232,11.213
946,11.691,9.892,16.893,16.186,15.152,10.25,12.464
947,11.802,8.899,16.882,10.0,10.188,10.28,12.582
948,11.837,8.947,17.888,10.009,9.869,11.283,12.27
949,12.882,10.137,17.859,11.05,11.195,11.67,13.189
950,7.851,10.09,17.877,10.977,11.212,11.638,13.187
951,8.782,10.837,18.822,11.969,12.081,12.618,14.211
952,8.749,10.834,18.838,11.984,12.101,12.596,12.034
953,8.714,10.841,19.871,12.062,12.175,13.286,16.225
954,9.742,11.856,19.881,13.151,13.299,13.643,17.269
955,9.745,11.887,20.027,13.218,13.341,13.6,17.585
956,10.743,6.88,7.005,14.213,9.321,14.615,18.507
957,10.725,7.864,6.992,14.134,10.752,16.65,18.209
958,10.773,7.878,6.767,14.129,10.299,17.599,18.243
959,11.619,8.853,7.91,15.035,11.193,17.558,19.573
960,11.713,9.068,7.778,10.207,11.018,17.56,19.618
961,12.925,9.013,8.911,11.215,11.062,18.562,19.656
962,9.689,10.273,8.824,11.201,12.182,18.604,20.636
963,9.661,9.969,8.787,11.234,12.073,19.573,20.561
964,10.705,10.926,9.993,12.156,13.264,19.599,21.551
965,10.687,10.873,9.983,12.143,13.304,19.498,21.613
966,11.675,10.847,10.977,12.143,13.283,20.618,11.617
967,11.779,11.861,11.022,13.125,14.26,20.628,12.274
968,11.724,11.885,11.098,13.209,14.243,21.592,12.273
969,12.82,6.991,9.984,14.164,8.671,20.897,13.498
970,12.801,6.978,9.99,14.137,8.235,14.308,13.503
971,12.835,6.928,11.136,14.016,22.019,15.975,13.696
972,8.762,7.915,11.122,15.171,9.159,9.31,14.573
973,8.721,7.795,11.242,9.153,9.199,9.469,14.554
974,9.701,8.941,12.495,10.097,10.486,10.647,15.282
975,9.646,8.974,11.984,10.059,10.559,10.592,15.461
976,9.648,8.958,12.934,10.161,10.501,11.6,15.617
977,13.674,9.967,14.986,11.059,11.608,11.633,16.634
978,13.785,9.951,14.939,11.002,11.31,11.641,16.604
979,14.785,9.956,15.912,12.137,11.617,12.478,10.508
980,14.747,11.055,15.804,12.08,12.544,12.588,12.025
981,14.604,11.004,15.784,12.024,26.122,13.483,11.303
982,15.665,20.976,16.951,12.977,10.283,13.29,12.286
983,15.663,20.952,16.935,12.999,10.278,12.049,12.28
984,16.761,20.893,17.856,14.142,10.278,18.261,12.246
985,16.773,21.908,17.977,14.254,11.301,18.206,13.244
986,16.732,21.788,17.966,10.277,11.076,19.287,13.16
987,17.959,22.756,18.9,11.23,12.065,19.253,14.273
988,17.686,22.801,18.932,11.221,12.187,19.255,14.238
989,12.757,22.89,19.839,11.235,12.272,20.159,16.23
990,12.923,23.906,19.884,12.197,13.31,20.198,17.248
991,12.731,23.924,7.898,12.21,13.168,21.242,17.244
992,13.704,24.919,8.929,13.178,14.24,21.251,18.227
993,13.648,25.023,8.926,13.188,14.202,21.234,18.283
994,13.723,24.869,9.891,13.209,14.166,22.264,
995,14.665,10.831,9.969,14.214,14.167,22.264,
996,7.683,10.867,9.918,14.219,14.263,22.499,
997,8.478,11.807,17.932,15.183,15.233,19.561,
998,8.774,11.831,17.845,15.116,,,
999,8.711,11.835,18.764,8.182,,,
